image_path,class,label
00000.jpg,4,River
00001.jpg,2,Highway
00002.jpg,4,River
00003.jpg,4,River
00004.jpg,2,Highway
00005.jpg,2,Highway
00006.jpg,4,River
00007.jpg,4,River
00008.jpg,2,Highway
00009.jpg,2,Highway
00010.jpg,2,Highway
00011.jpg,2,Highway
00012.jpg,2,Highway
00013.jpg,4,River
00014.jpg,2,Highway
00015.jpg,0,AnnualCrop
00016.jpg,4,River
00017.jpg,1,HerbaceousVegetation
00018.jpg,1,HerbaceousVegetation
00019.jpg,2,Highway
00020.jpg,4,River
00021.jpg,2,Highway
00022.jpg,4,River
00023.jpg,1,HerbaceousVegetation
00024.jpg,4,River
00025.jpg,2,Highway
00026.jpg,2,Highway
00027.jpg,4,River
00028.jpg,2,Highway
00029.jpg,2,Highway
00030.jpg,4,River
00031.jpg,4,River
00032.jpg,4,River
00033.jpg,4,River
00034.jpg,4,River
00035.jpg,4,River
00036.jpg,4,River
00037.jpg,2,Highway
00038.jpg,4,River
00039.jpg,4,River
00040.jpg,0,AnnualCrop
00041.jpg,2,Highway
00042.jpg,4,River
00043.jpg,4,River
00044.jpg,4,River
00045.jpg,2,Highway
00046.jpg,4,River
00047.jpg,2,Highway
00048.jpg,4,River
00049.jpg,4,River
00050.jpg,4,River
00051.jpg,4,River
00052.jpg,4,River
00053.jpg,2,Highway
00054.jpg,4,River
00055.jpg,4,River
00056.jpg,4,River
00057.jpg,2,Highway
00058.jpg,4,River
00059.jpg,2,Highway
00060.jpg,4,River
00061.jpg,2,Highway
00062.jpg,2,Highway
00063.jpg,2,Highway
00064.jpg,4,River
00065.jpg,4,River
00066.jpg,4,River
00067.jpg,2,Highway
00068.jpg,4,River
00069.jpg,4,River
00070.jpg,4,River
00071.jpg,4,River
00072.jpg,0,AnnualCrop
00073.jpg,4,River
00074.jpg,4,River
00075.jpg,4,River
00076.jpg,4,River
00077.jpg,4,River
00078.jpg,0,AnnualCrop
00079.jpg,4,River
00080.jpg,1,HerbaceousVegetation
00081.jpg,4,River
00082.jpg,4,River
00083.jpg,1,HerbaceousVegetation
00084.jpg,4,River
00085.jpg,2,Highway
00086.jpg,4,River
00087.jpg,4,River
00088.jpg,4,River
00089.jpg,4,River
00090.jpg,4,River
00091.jpg,4,River
00092.jpg,4,River
00093.jpg,1,HerbaceousVegetation
00094.jpg,4,River
00095.jpg,1,HerbaceousVegetation
00096.jpg,4,River
00097.jpg,4,River
00098.jpg,0,AnnualCrop
00099.jpg,0,AnnualCrop
00100.jpg,2,Highway
00101.jpg,1,HerbaceousVegetation
00102.jpg,4,River
00103.jpg,4,River
00104.jpg,4,River
00105.jpg,1,HerbaceousVegetation
00106.jpg,4,River
00107.jpg,2,Highway
00108.jpg,4,River
00109.jpg,4,River
00110.jpg,4,River
00111.jpg,4,River
00112.jpg,4,River
00113.jpg,1,HerbaceousVegetation
00114.jpg,1,HerbaceousVegetation
00115.jpg,4,River
00116.jpg,4,River
00117.jpg,4,River
00118.jpg,4,River
00119.jpg,1,HerbaceousVegetation
00120.jpg,4,River
00121.jpg,1,HerbaceousVegetation
00122.jpg,1,HerbaceousVegetation
00123.jpg,4,River
00124.jpg,4,River
00125.jpg,4,River
00126.jpg,0,AnnualCrop
00127.jpg,0,AnnualCrop
00128.jpg,2,Highway
00129.jpg,1,HerbaceousVegetation
00130.jpg,4,River
00131.jpg,4,River
00132.jpg,1,HerbaceousVegetation
00133.jpg,4,River
00134.jpg,4,River
00135.jpg,4,River
00136.jpg,1,HerbaceousVegetation
00137.jpg,4,River
00138.jpg,4,River
00139.jpg,1,HerbaceousVegetation
00140.jpg,4,River
00141.jpg,0,AnnualCrop
00142.jpg,4,River
00143.jpg,1,HerbaceousVegetation
00144.jpg,1,HerbaceousVegetation
00145.jpg,1,HerbaceousVegetation
00146.jpg,4,River
00147.jpg,2,Highway
00148.jpg,1,HerbaceousVegetation
00149.jpg,1,HerbaceousVegetation
00150.jpg,4,River
00151.jpg,0,AnnualCrop
00152.jpg,0,AnnualCrop
00153.jpg,4,River
00154.jpg,4,River
00155.jpg,4,River
00156.jpg,1,HerbaceousVegetation
00157.jpg,2,Highway
00158.jpg,4,River
00159.jpg,0,AnnualCrop
00160.jpg,0,AnnualCrop
00161.jpg,4,River
00162.jpg,4,River
00163.jpg,0,AnnualCrop
00164.jpg,4,River
00165.jpg,2,Highway
00166.jpg,4,River
00167.jpg,0,AnnualCrop
00168.jpg,1,HerbaceousVegetation
00169.jpg,4,River
00170.jpg,1,HerbaceousVegetation
00171.jpg,0,AnnualCrop
00172.jpg,2,Highway
00173.jpg,0,AnnualCrop
00174.jpg,1,HerbaceousVegetation
00175.jpg,4,River
00176.jpg,2,Highway
00177.jpg,2,Highway
00178.jpg,4,River
00179.jpg,4,River
00180.jpg,1,HerbaceousVegetation
00181.jpg,4,River
00182.jpg,0,AnnualCrop
00183.jpg,4,River
00184.jpg,2,Highway
00185.jpg,4,River
00186.jpg,4,River
00187.jpg,4,River
00188.jpg,4,River
00189.jpg,2,Highway
00190.jpg,4,River
00191.jpg,4,River
00192.jpg,1,HerbaceousVegetation
00193.jpg,4,River
00194.jpg,0,AnnualCrop
00195.jpg,4,River
00196.jpg,2,Highway
00197.jpg,4,River
00198.jpg,4,River
00199.jpg,4,River
00200.jpg,4,River
00201.jpg,0,AnnualCrop
00202.jpg,0,AnnualCrop
00203.jpg,1,HerbaceousVegetation
00204.jpg,0,AnnualCrop
00205.jpg,4,River
00206.jpg,2,Highway
00207.jpg,2,Highway
00208.jpg,1,HerbaceousVegetation
00209.jpg,4,River
00210.jpg,0,AnnualCrop
00211.jpg,1,HerbaceousVegetation
00212.jpg,3,Residential
00213.jpg,1,HerbaceousVegetation
00214.jpg,1,HerbaceousVegetation
00215.jpg,0,AnnualCrop
00216.jpg,2,Highway
00217.jpg,1,HerbaceousVegetation
00218.jpg,3,Residential
00219.jpg,3,Residential
00220.jpg,0,AnnualCrop
00221.jpg,2,Highway
00222.jpg,4,River
00223.jpg,0,AnnualCrop
00224.jpg,3,Residential
00225.jpg,2,Highway
00226.jpg,2,Highway
00227.jpg,0,AnnualCrop
00228.jpg,0,AnnualCrop
00229.jpg,0,AnnualCrop
00230.jpg,3,Residential
00231.jpg,1,HerbaceousVegetation
00232.jpg,1,HerbaceousVegetation
00233.jpg,1,HerbaceousVegetation
00234.jpg,0,AnnualCrop
00235.jpg,1,HerbaceousVegetation
00236.jpg,0,AnnualCrop
00237.jpg,1,HerbaceousVegetation
00238.jpg,4,River
00239.jpg,4,River
00240.jpg,4,River
00241.jpg,0,AnnualCrop
00242.jpg,2,Highway
00243.jpg,2,Highway
00244.jpg,2,Highway
00245.jpg,2,Highway
00246.jpg,0,AnnualCrop
00247.jpg,1,HerbaceousVegetation
00248.jpg,1,HerbaceousVegetation
00249.jpg,4,River
00250.jpg,1,HerbaceousVegetation
00251.jpg,4,River
00252.jpg,4,River
00253.jpg,3,Residential
00254.jpg,0,AnnualCrop
00255.jpg,0,AnnualCrop
00256.jpg,1,HerbaceousVegetation
00257.jpg,4,River
00258.jpg,1,HerbaceousVegetation
00259.jpg,1,HerbaceousVegetation
00260.jpg,4,River
00261.jpg,1,HerbaceousVegetation
00262.jpg,2,Highway
00263.jpg,4,River
00264.jpg,3,Residential
00265.jpg,4,River
00266.jpg,4,River
00267.jpg,3,Residential
00268.jpg,1,HerbaceousVegetation
00269.jpg,2,Highway
00270.jpg,0,AnnualCrop
00271.jpg,1,HerbaceousVegetation
00272.jpg,0,AnnualCrop
00273.jpg,4,River
00274.jpg,4,River
00275.jpg,1,HerbaceousVegetation
00276.jpg,4,River
00277.jpg,3,Residential
00278.jpg,0,AnnualCrop
00279.jpg,1,HerbaceousVegetation
00280.jpg,4,River
00281.jpg,4,River
00282.jpg,1,HerbaceousVegetation
00283.jpg,4,River
00284.jpg,0,AnnualCrop
00285.jpg,1,HerbaceousVegetation
00286.jpg,2,Highway
00287.jpg,4,River
00288.jpg,0,AnnualCrop
00289.jpg,2,Highway
00290.jpg,1,HerbaceousVegetation
00291.jpg,0,AnnualCrop
00292.jpg,2,Highway
00293.jpg,2,Highway
00294.jpg,4,River
00295.jpg,1,HerbaceousVegetation
00296.jpg,0,AnnualCrop
00297.jpg,3,Residential
00298.jpg,4,River
00299.jpg,0,AnnualCrop
00300.jpg,1,HerbaceousVegetation
00301.jpg,0,AnnualCrop
00302.jpg,1,HerbaceousVegetation
00303.jpg,4,River
00304.jpg,3,Residential
00305.jpg,4,River
00306.jpg,1,HerbaceousVegetation
00307.jpg,1,HerbaceousVegetation
00308.jpg,4,River
00309.jpg,0,AnnualCrop
00310.jpg,4,River
00311.jpg,0,AnnualCrop
00312.jpg,2,Highway
00313.jpg,3,Residential
00314.jpg,4,River
00315.jpg,0,AnnualCrop
00316.jpg,0,AnnualCrop
00317.jpg,3,Residential
00318.jpg,0,AnnualCrop
00319.jpg,1,HerbaceousVegetation
00320.jpg,0,AnnualCrop
00321.jpg,1,HerbaceousVegetation
00322.jpg,3,Residential
00323.jpg,4,River
00324.jpg,1,HerbaceousVegetation
00325.jpg,4,River
00326.jpg,3,Residential
00327.jpg,3,Residential
00328.jpg,0,AnnualCrop
00329.jpg,4,River
00330.jpg,4,River
00331.jpg,4,River
00332.jpg,0,AnnualCrop
00333.jpg,1,HerbaceousVegetation
00334.jpg,0,AnnualCrop
00335.jpg,3,Residential
00336.jpg,0,AnnualCrop
00337.jpg,0,AnnualCrop
00338.jpg,4,River
00339.jpg,0,AnnualCrop
00340.jpg,4,River
00341.jpg,1,HerbaceousVegetation
00342.jpg,0,AnnualCrop
00343.jpg,0,AnnualCrop
00344.jpg,0,AnnualCrop
00345.jpg,3,Residential
00346.jpg,4,River
00347.jpg,3,Residential
00348.jpg,4,River
00349.jpg,4,River
00350.jpg,2,Highway
00351.jpg,0,AnnualCrop
00352.jpg,1,HerbaceousVegetation
00353.jpg,4,River
00354.jpg,1,HerbaceousVegetation
00355.jpg,0,AnnualCrop
00356.jpg,1,HerbaceousVegetation
00357.jpg,3,Residential
00358.jpg,1,HerbaceousVegetation
00359.jpg,4,River
00360.jpg,1,HerbaceousVegetation
00361.jpg,2,Highway
00362.jpg,0,AnnualCrop
00363.jpg,4,River
00364.jpg,3,Residential
00365.jpg,0,AnnualCrop
00366.jpg,4,River
00367.jpg,4,River
00368.jpg,1,HerbaceousVegetation
00369.jpg,0,AnnualCrop
00370.jpg,1,HerbaceousVegetation
00371.jpg,4,River
00372.jpg,4,River
00373.jpg,2,Highway
00374.jpg,4,River
00375.jpg,1,HerbaceousVegetation
00376.jpg,0,AnnualCrop
00377.jpg,0,AnnualCrop
00378.jpg,1,HerbaceousVegetation
00379.jpg,2,Highway
00380.jpg,0,AnnualCrop
00381.jpg,4,River
00382.jpg,1,HerbaceousVegetation
00383.jpg,4,River
00384.jpg,0,AnnualCrop
00385.jpg,4,River
00386.jpg,0,AnnualCrop
00387.jpg,3,Residential
00388.jpg,1,HerbaceousVegetation
00389.jpg,4,River
00390.jpg,2,Highway
00391.jpg,1,HerbaceousVegetation
00392.jpg,4,River
00393.jpg,1,HerbaceousVegetation
00394.jpg,3,Residential
00395.jpg,4,River
00396.jpg,4,River
00397.jpg,2,Highway
00398.jpg,4,River
00399.jpg,1,HerbaceousVegetation
00400.jpg,1,HerbaceousVegetation
00401.jpg,4,River
00402.jpg,0,AnnualCrop
00403.jpg,1,HerbaceousVegetation
00404.jpg,4,River
00405.jpg,4,River
00406.jpg,2,Highway
00407.jpg,4,River
00408.jpg,4,River
00409.jpg,4,River
00410.jpg,4,River
00411.jpg,1,HerbaceousVegetation
00412.jpg,3,Residential
00413.jpg,4,River
00414.jpg,3,Residential
00415.jpg,2,Highway
00416.jpg,3,Residential
00417.jpg,4,River
00418.jpg,4,River
00419.jpg,4,River
00420.jpg,3,Residential
00421.jpg,2,Highway
00422.jpg,4,River
00423.jpg,4,River
00424.jpg,1,HerbaceousVegetation
00425.jpg,2,Highway
00426.jpg,4,River
00427.jpg,4,River
00428.jpg,0,AnnualCrop
00429.jpg,0,AnnualCrop
00430.jpg,2,Highway
00431.jpg,1,HerbaceousVegetation
00432.jpg,4,River
00433.jpg,4,River
00434.jpg,0,AnnualCrop
00435.jpg,4,River
00436.jpg,4,River
00437.jpg,3,Residential
00438.jpg,4,River
00439.jpg,3,Residential
00440.jpg,3,Residential
00441.jpg,3,Residential
00442.jpg,1,HerbaceousVegetation
00443.jpg,4,River
00444.jpg,4,River
00445.jpg,3,Residential
00446.jpg,3,Residential
00447.jpg,4,River
00448.jpg,1,HerbaceousVegetation
00449.jpg,2,Highway
00450.jpg,4,River
00451.jpg,4,River
00452.jpg,1,HerbaceousVegetation
00453.jpg,0,AnnualCrop
00454.jpg,3,Residential
00455.jpg,4,River
00456.jpg,2,Highway
00457.jpg,1,HerbaceousVegetation
00458.jpg,1,HerbaceousVegetation
00459.jpg,3,Residential
00460.jpg,1,HerbaceousVegetation
00461.jpg,0,AnnualCrop
00462.jpg,4,River
00463.jpg,1,HerbaceousVegetation
00464.jpg,4,River
00465.jpg,1,HerbaceousVegetation
00466.jpg,1,HerbaceousVegetation
00467.jpg,4,River
00468.jpg,2,Highway
00469.jpg,1,HerbaceousVegetation
00470.jpg,3,Residential
00471.jpg,3,Residential
00472.jpg,1,HerbaceousVegetation
00473.jpg,2,Highway
00474.jpg,4,River
00475.jpg,0,AnnualCrop
00476.jpg,0,AnnualCrop
00477.jpg,1,HerbaceousVegetation
00478.jpg,1,HerbaceousVegetation
00479.jpg,3,Residential
00480.jpg,4,River
00481.jpg,1,HerbaceousVegetation
00482.jpg,4,River
00483.jpg,2,Highway
00484.jpg,3,Residential
00485.jpg,1,HerbaceousVegetation
00486.jpg,2,Highway
00487.jpg,4,River
00488.jpg,4,River
00489.jpg,0,AnnualCrop
00490.jpg,4,River
00491.jpg,1,HerbaceousVegetation
00492.jpg,1,HerbaceousVegetation
00493.jpg,4,River
00494.jpg,3,Residential
00495.jpg,4,River
00496.jpg,4,River
00497.jpg,3,Residential
00498.jpg,3,Residential
00499.jpg,2,Highway
00500.jpg,0,AnnualCrop
00501.jpg,3,Residential
00502.jpg,4,River
00503.jpg,3,Residential
00504.jpg,3,Residential
00505.jpg,0,AnnualCrop
00506.jpg,4,River
00507.jpg,4,River
00508.jpg,4,River
00509.jpg,1,HerbaceousVegetation
00510.jpg,4,River
00511.jpg,4,River
00512.jpg,1,HerbaceousVegetation
00513.jpg,1,HerbaceousVegetation
00514.jpg,4,River
00515.jpg,4,River
00516.jpg,1,HerbaceousVegetation
00517.jpg,4,River
00518.jpg,3,Residential
00519.jpg,2,Highway
00520.jpg,1,HerbaceousVegetation
00521.jpg,3,Residential
00522.jpg,4,River
00523.jpg,1,HerbaceousVegetation
00524.jpg,2,Highway
00525.jpg,4,River
00526.jpg,2,Highway
00527.jpg,2,Highway
00528.jpg,1,HerbaceousVegetation
00529.jpg,1,HerbaceousVegetation
00530.jpg,3,Residential
00531.jpg,1,HerbaceousVegetation
00532.jpg,3,Residential
00533.jpg,4,River
00534.jpg,4,River
00535.jpg,0,AnnualCrop
00536.jpg,4,River
00537.jpg,4,River
00538.jpg,3,Residential
00539.jpg,4,River
00540.jpg,4,River
00541.jpg,4,River
00542.jpg,2,Highway
00543.jpg,1,HerbaceousVegetation
00544.jpg,2,Highway
00545.jpg,4,River
00546.jpg,1,HerbaceousVegetation
00547.jpg,4,River
00548.jpg,0,AnnualCrop
00549.jpg,0,AnnualCrop
00550.jpg,4,River
00551.jpg,2,Highway
00552.jpg,3,Residential
00553.jpg,3,Residential
00554.jpg,2,Highway
00555.jpg,0,AnnualCrop
00556.jpg,4,River
00557.jpg,4,River
00558.jpg,4,River
00559.jpg,3,Residential
00560.jpg,4,River
00561.jpg,4,River
00562.jpg,4,River
00563.jpg,1,HerbaceousVegetation
00564.jpg,4,River
00565.jpg,0,AnnualCrop
00566.jpg,3,Residential
00567.jpg,4,River
00568.jpg,0,AnnualCrop
00569.jpg,1,HerbaceousVegetation
00570.jpg,4,River
00571.jpg,3,Residential
00572.jpg,3,Residential
00573.jpg,4,River
00574.jpg,2,Highway
00575.jpg,0,AnnualCrop
00576.jpg,2,Highway
00577.jpg,4,River
00578.jpg,1,HerbaceousVegetation
00579.jpg,2,Highway
00580.jpg,2,Highway
00581.jpg,4,River
00582.jpg,4,River
00583.jpg,1,HerbaceousVegetation
00584.jpg,1,HerbaceousVegetation
00585.jpg,3,Residential
00586.jpg,3,Residential
00587.jpg,1,HerbaceousVegetation
00588.jpg,2,Highway
00589.jpg,1,HerbaceousVegetation
00590.jpg,4,River
00591.jpg,1,HerbaceousVegetation
00592.jpg,2,Highway
00593.jpg,2,Highway
00594.jpg,2,Highway
00595.jpg,2,Highway
00596.jpg,2,Highway
00597.jpg,1,HerbaceousVegetation
00598.jpg,4,River
00599.jpg,4,River
00600.jpg,4,River
00601.jpg,3,Residential
00602.jpg,1,HerbaceousVegetation
00603.jpg,3,Residential
00604.jpg,1,HerbaceousVegetation
00605.jpg,1,HerbaceousVegetation
00606.jpg,4,River
00607.jpg,3,Residential
00608.jpg,1,HerbaceousVegetation
00609.jpg,4,River
00610.jpg,3,Residential
00611.jpg,4,River
00612.jpg,4,River
00613.jpg,4,River
00614.jpg,4,River
00615.jpg,4,River
00616.jpg,4,River
00617.jpg,3,Residential
00618.jpg,1,HerbaceousVegetation
00619.jpg,2,Highway
00620.jpg,2,Highway
00621.jpg,4,River
00622.jpg,3,Residential
00623.jpg,1,HerbaceousVegetation
00624.jpg,3,Residential
00625.jpg,1,HerbaceousVegetation
00626.jpg,4,River
00627.jpg,2,Highway
00628.jpg,0,AnnualCrop
00629.jpg,4,River
00630.jpg,4,River
00631.jpg,3,Residential
00632.jpg,4,River
00633.jpg,3,Residential
00634.jpg,4,River
00635.jpg,1,HerbaceousVegetation
00636.jpg,4,River
00637.jpg,0,AnnualCrop
00638.jpg,2,Highway
00639.jpg,1,HerbaceousVegetation
00640.jpg,4,River
00641.jpg,4,River
00642.jpg,4,River
00643.jpg,3,Residential
00644.jpg,3,Residential
00645.jpg,4,River
00646.jpg,3,Residential
00647.jpg,1,HerbaceousVegetation
00648.jpg,4,River
00649.jpg,2,Highway
00650.jpg,1,HerbaceousVegetation
00651.jpg,1,HerbaceousVegetation
00652.jpg,4,River
00653.jpg,1,HerbaceousVegetation
00654.jpg,3,Residential
00655.jpg,1,HerbaceousVegetation
00656.jpg,4,River
00657.jpg,1,HerbaceousVegetation
00658.jpg,0,AnnualCrop
00659.jpg,4,River
00660.jpg,1,HerbaceousVegetation
00661.jpg,1,HerbaceousVegetation
00662.jpg,3,Residential
00663.jpg,4,River
00664.jpg,2,Highway
00665.jpg,4,River
00666.jpg,3,Residential
00667.jpg,0,AnnualCrop
00668.jpg,2,Highway
00669.jpg,4,River
00670.jpg,3,Residential
00671.jpg,4,River
00672.jpg,1,HerbaceousVegetation
00673.jpg,3,Residential
00674.jpg,1,HerbaceousVegetation
00675.jpg,0,AnnualCrop
00676.jpg,4,River
00677.jpg,1,HerbaceousVegetation
00678.jpg,4,River
00679.jpg,4,River
00680.jpg,2,Highway
00681.jpg,4,River
00682.jpg,1,HerbaceousVegetation
00683.jpg,4,River
00684.jpg,2,Highway
00685.jpg,3,Residential
00686.jpg,3,Residential
00687.jpg,2,Highway
00688.jpg,3,Residential
00689.jpg,1,HerbaceousVegetation
00690.jpg,0,AnnualCrop
00691.jpg,4,River
00692.jpg,4,River
00693.jpg,4,River
00694.jpg,4,River
00695.jpg,2,Highway
00696.jpg,3,Residential
00697.jpg,0,AnnualCrop
00698.jpg,2,Highway
00699.jpg,2,Highway
00700.jpg,2,Highway
00701.jpg,1,HerbaceousVegetation
00702.jpg,4,River
00703.jpg,4,River
00704.jpg,1,HerbaceousVegetation
00705.jpg,3,Residential
00706.jpg,0,AnnualCrop
00707.jpg,4,River
00708.jpg,1,HerbaceousVegetation
00709.jpg,3,Residential
00710.jpg,0,AnnualCrop
00711.jpg,3,Residential
00712.jpg,0,AnnualCrop
00713.jpg,4,River
00714.jpg,2,Highway
00715.jpg,0,AnnualCrop
00716.jpg,4,River
00717.jpg,4,River
00718.jpg,4,River
00719.jpg,4,River
00720.jpg,4,River
00721.jpg,2,Highway
00722.jpg,1,HerbaceousVegetation
00723.jpg,4,River
00724.jpg,1,HerbaceousVegetation
00725.jpg,4,River
00726.jpg,4,River
00727.jpg,4,River
00728.jpg,0,AnnualCrop
00729.jpg,1,HerbaceousVegetation
00730.jpg,0,AnnualCrop
00731.jpg,0,AnnualCrop
00732.jpg,0,AnnualCrop
00733.jpg,0,AnnualCrop
00734.jpg,4,River
00735.jpg,4,River
00736.jpg,4,River
00737.jpg,3,Residential
00738.jpg,2,Highway
00739.jpg,2,Highway
00740.jpg,4,River
00741.jpg,4,River
00742.jpg,4,River
00743.jpg,4,River
00744.jpg,3,Residential
00745.jpg,4,River
00746.jpg,1,HerbaceousVegetation
00747.jpg,0,AnnualCrop
00748.jpg,3,Residential
00749.jpg,2,Highway
00750.jpg,1,HerbaceousVegetation
00751.jpg,3,Residential
00752.jpg,4,River
00753.jpg,4,River
00754.jpg,1,HerbaceousVegetation
00755.jpg,3,Residential
00756.jpg,1,HerbaceousVegetation
00757.jpg,1,HerbaceousVegetation
00758.jpg,4,River
00759.jpg,0,AnnualCrop
00760.jpg,4,River
00761.jpg,3,Residential
00762.jpg,3,Residential
00763.jpg,4,River
00764.jpg,0,AnnualCrop
00765.jpg,1,HerbaceousVegetation
00766.jpg,0,AnnualCrop
00767.jpg,2,Highway
00768.jpg,3,Residential
00769.jpg,2,Highway
00770.jpg,1,HerbaceousVegetation
00771.jpg,1,HerbaceousVegetation
00772.jpg,4,River
00773.jpg,4,River
00774.jpg,1,HerbaceousVegetation
00775.jpg,3,Residential
00776.jpg,1,HerbaceousVegetation
00777.jpg,4,River
00778.jpg,2,Highway
00779.jpg,0,AnnualCrop
00780.jpg,2,Highway
00781.jpg,0,AnnualCrop
00782.jpg,2,Highway
00783.jpg,4,River
00784.jpg,3,Residential
00785.jpg,4,River
00786.jpg,3,Residential
00787.jpg,3,Residential
00788.jpg,4,River
00789.jpg,1,HerbaceousVegetation
00790.jpg,1,HerbaceousVegetation
00791.jpg,3,Residential
00792.jpg,1,HerbaceousVegetation
00793.jpg,3,Residential
00794.jpg,1,HerbaceousVegetation
00795.jpg,4,River
00796.jpg,3,Residential
00797.jpg,4,River
00798.jpg,1,HerbaceousVegetation
00799.jpg,0,AnnualCrop
00800.jpg,1,HerbaceousVegetation
00801.jpg,0,AnnualCrop
00802.jpg,4,River
00803.jpg,2,Highway
00804.jpg,4,River
00805.jpg,2,Highway
00806.jpg,1,HerbaceousVegetation
00807.jpg,1,HerbaceousVegetation
00808.jpg,4,River
00809.jpg,1,HerbaceousVegetation
00810.jpg,4,River
00811.jpg,3,Residential
00812.jpg,2,Highway
00813.jpg,3,Residential
00814.jpg,4,River
00815.jpg,4,River
00816.jpg,0,AnnualCrop
00817.jpg,4,River
00818.jpg,0,AnnualCrop
00819.jpg,2,Highway
00820.jpg,1,HerbaceousVegetation
00821.jpg,3,Residential
00822.jpg,4,River
00823.jpg,0,AnnualCrop
00824.jpg,4,River
00825.jpg,4,River
00826.jpg,3,Residential
00827.jpg,0,AnnualCrop
00828.jpg,2,Highway
00829.jpg,1,HerbaceousVegetation
00830.jpg,3,Residential
00831.jpg,1,HerbaceousVegetation
00832.jpg,0,AnnualCrop
00833.jpg,4,River
00834.jpg,1,HerbaceousVegetation
00835.jpg,2,Highway
00836.jpg,3,Residential
00837.jpg,4,River
00838.jpg,0,AnnualCrop
00839.jpg,4,River
00840.jpg,4,River
00841.jpg,4,River
00842.jpg,3,Residential
00843.jpg,4,River
00844.jpg,3,Residential
00845.jpg,4,River
00846.jpg,4,River
00847.jpg,3,Residential
00848.jpg,3,Residential
00849.jpg,0,AnnualCrop
00850.jpg,4,River
00851.jpg,4,River
00852.jpg,1,HerbaceousVegetation
00853.jpg,2,Highway
00854.jpg,4,River
00855.jpg,2,Highway
00856.jpg,1,HerbaceousVegetation
00857.jpg,3,Residential
00858.jpg,3,Residential
00859.jpg,4,River
00860.jpg,1,HerbaceousVegetation
00861.jpg,0,AnnualCrop
00862.jpg,3,Residential
00863.jpg,4,River
00864.jpg,4,River
00865.jpg,4,River
00866.jpg,3,Residential
00867.jpg,1,HerbaceousVegetation
00868.jpg,4,River
00869.jpg,1,HerbaceousVegetation
00870.jpg,2,Highway
00871.jpg,4,River
00872.jpg,4,River
00873.jpg,4,River
00874.jpg,4,River
00875.jpg,4,River
00876.jpg,1,HerbaceousVegetation
00877.jpg,0,AnnualCrop
00878.jpg,4,River
00879.jpg,4,River
00880.jpg,2,Highway
00881.jpg,4,River
00882.jpg,2,Highway
00883.jpg,2,Highway
00884.jpg,4,River
00885.jpg,4,River
00886.jpg,4,River
00887.jpg,3,Residential
00888.jpg,2,Highway
00889.jpg,2,Highway
00890.jpg,3,Residential
00891.jpg,3,Residential
00892.jpg,4,River
00893.jpg,3,Residential
00894.jpg,4,River
00895.jpg,1,HerbaceousVegetation
00896.jpg,0,AnnualCrop
00897.jpg,4,River
00898.jpg,3,Residential
00899.jpg,3,Residential
00900.jpg,2,Highway
00901.jpg,3,Residential
00902.jpg,4,River
00903.jpg,2,Highway
00904.jpg,4,River
00905.jpg,4,River
00906.jpg,3,Residential
00907.jpg,1,HerbaceousVegetation
00908.jpg,4,River
00909.jpg,3,Residential
00910.jpg,3,Residential
00911.jpg,0,AnnualCrop
00912.jpg,4,River
00913.jpg,0,AnnualCrop
00914.jpg,4,River
00915.jpg,1,HerbaceousVegetation
00916.jpg,1,HerbaceousVegetation
00917.jpg,4,River
00918.jpg,1,HerbaceousVegetation
00919.jpg,4,River
00920.jpg,0,AnnualCrop
00921.jpg,2,Highway
00922.jpg,4,River
00923.jpg,4,River
00924.jpg,1,HerbaceousVegetation
00925.jpg,4,River
00926.jpg,4,River
00927.jpg,2,Highway
00928.jpg,0,AnnualCrop
00929.jpg,2,Highway
00930.jpg,1,HerbaceousVegetation
00931.jpg,4,River
00932.jpg,4,River
00933.jpg,4,River
00934.jpg,1,HerbaceousVegetation
00935.jpg,3,Residential
00936.jpg,2,Highway
00937.jpg,1,HerbaceousVegetation
00938.jpg,2,Highway
00939.jpg,4,River
00940.jpg,2,Highway
00941.jpg,4,River
00942.jpg,1,HerbaceousVegetation
00943.jpg,4,River
00944.jpg,2,Highway
00945.jpg,1,HerbaceousVegetation
00946.jpg,3,Residential
00947.jpg,4,River
00948.jpg,4,River
00949.jpg,2,Highway
00950.jpg,4,River
00951.jpg,4,River
00952.jpg,1,HerbaceousVegetation
00953.jpg,2,Highway
00954.jpg,0,AnnualCrop
00955.jpg,4,River
00956.jpg,0,AnnualCrop
00957.jpg,3,Residential
00958.jpg,2,Highway
00959.jpg,1,HerbaceousVegetation
00960.jpg,1,HerbaceousVegetation
00961.jpg,2,Highway
00962.jpg,4,River
00963.jpg,3,Residential
00964.jpg,4,River
00965.jpg,3,Residential
00966.jpg,4,River
00967.jpg,3,Residential
00968.jpg,4,River
00969.jpg,4,River
00970.jpg,1,HerbaceousVegetation
00971.jpg,4,River
00972.jpg,3,Residential
00973.jpg,3,Residential
00974.jpg,1,HerbaceousVegetation
00975.jpg,3,Residential
00976.jpg,1,HerbaceousVegetation
00977.jpg,3,Residential
00978.jpg,2,Highway
00979.jpg,1,HerbaceousVegetation
00980.jpg,4,River
00981.jpg,3,Residential
00982.jpg,4,River
00983.jpg,0,AnnualCrop
00984.jpg,3,Residential
00985.jpg,0,AnnualCrop
00986.jpg,1,HerbaceousVegetation
00987.jpg,4,River
00988.jpg,3,Residential
00989.jpg,0,AnnualCrop
00990.jpg,4,River
00991.jpg,1,HerbaceousVegetation
00992.jpg,1,HerbaceousVegetation
00993.jpg,1,HerbaceousVegetation
00994.jpg,3,Residential
00995.jpg,4,River
00996.jpg,3,Residential
00997.jpg,0,AnnualCrop
00998.jpg,3,Residential
00999.jpg,3,Residential
01000.jpg,1,HerbaceousVegetation
01001.jpg,1,HerbaceousVegetation
01002.jpg,1,HerbaceousVegetation
01003.jpg,2,Highway
01004.jpg,4,River
01005.jpg,4,River
01006.jpg,4,River
01007.jpg,0,AnnualCrop
01008.jpg,1,HerbaceousVegetation
01009.jpg,3,Residential
01010.jpg,1,HerbaceousVegetation
01011.jpg,0,AnnualCrop
01012.jpg,4,River
01013.jpg,4,River
01014.jpg,3,Residential
01015.jpg,3,Residential
01016.jpg,3,Residential
01017.jpg,0,AnnualCrop
01018.jpg,3,Residential
01019.jpg,0,AnnualCrop
01020.jpg,3,Residential
01021.jpg,3,Residential
01022.jpg,1,HerbaceousVegetation
01023.jpg,4,River
01024.jpg,3,Residential
01025.jpg,0,AnnualCrop
01026.jpg,2,Highway
01027.jpg,1,HerbaceousVegetation
01028.jpg,2,Highway
01029.jpg,1,HerbaceousVegetation
01030.jpg,3,Residential
01031.jpg,4,River
01032.jpg,4,River
01033.jpg,4,River
01034.jpg,1,HerbaceousVegetation
01035.jpg,4,River
01036.jpg,4,River
01037.jpg,3,Residential
01038.jpg,3,Residential
01039.jpg,4,River
01040.jpg,4,River
01041.jpg,4,River
01042.jpg,4,River
01043.jpg,0,AnnualCrop
01044.jpg,1,HerbaceousVegetation
01045.jpg,2,Highway
01046.jpg,4,River
01047.jpg,4,River
01048.jpg,2,Highway
01049.jpg,1,HerbaceousVegetation
01050.jpg,3,Residential
01051.jpg,2,Highway
01052.jpg,2,Highway
01053.jpg,1,HerbaceousVegetation
01054.jpg,4,River
01055.jpg,4,River
01056.jpg,1,HerbaceousVegetation
01057.jpg,0,AnnualCrop
01058.jpg,4,River
01059.jpg,1,HerbaceousVegetation
01060.jpg,1,HerbaceousVegetation
01061.jpg,1,HerbaceousVegetation
01062.jpg,4,River
01063.jpg,4,River
01064.jpg,4,River
01065.jpg,2,Highway
01066.jpg,2,Highway
01067.jpg,3,Residential
01068.jpg,4,River
01069.jpg,1,HerbaceousVegetation
01070.jpg,0,AnnualCrop
01071.jpg,4,River
01072.jpg,4,River
01073.jpg,4,River
01074.jpg,3,Residential
01075.jpg,3,Residential
01076.jpg,3,Residential
01077.jpg,1,HerbaceousVegetation
01078.jpg,0,AnnualCrop
01079.jpg,4,River
01080.jpg,1,HerbaceousVegetation
01081.jpg,3,Residential
01082.jpg,3,Residential
01083.jpg,3,Residential
01084.jpg,0,AnnualCrop
01085.jpg,1,HerbaceousVegetation
01086.jpg,3,Residential
01087.jpg,3,Residential
01088.jpg,4,River
01089.jpg,1,HerbaceousVegetation
01090.jpg,4,River
01091.jpg,4,River
01092.jpg,4,River
01093.jpg,4,River
01094.jpg,4,River
01095.jpg,3,Residential
01096.jpg,3,Residential
01097.jpg,4,River
01098.jpg,1,HerbaceousVegetation
01099.jpg,0,AnnualCrop
01100.jpg,1,HerbaceousVegetation
01101.jpg,1,HerbaceousVegetation
01102.jpg,2,Highway
01103.jpg,4,River
01104.jpg,0,AnnualCrop
01105.jpg,3,Residential
01106.jpg,1,HerbaceousVegetation
01107.jpg,1,HerbaceousVegetation
01108.jpg,0,AnnualCrop
01109.jpg,4,River
01110.jpg,3,Residential
01111.jpg,1,HerbaceousVegetation
01112.jpg,2,Highway
01113.jpg,3,Residential
01114.jpg,1,HerbaceousVegetation
01115.jpg,4,River
01116.jpg,2,Highway
01117.jpg,3,Residential
01118.jpg,1,HerbaceousVegetation
01119.jpg,0,AnnualCrop
01120.jpg,4,River
01121.jpg,2,Highway
01122.jpg,3,Residential
01123.jpg,4,River
01124.jpg,3,Residential
01125.jpg,0,AnnualCrop
01126.jpg,4,River
01127.jpg,2,Highway
01128.jpg,3,Residential
01129.jpg,1,HerbaceousVegetation
01130.jpg,3,Residential
01131.jpg,1,HerbaceousVegetation
01132.jpg,1,HerbaceousVegetation
01133.jpg,4,River
01134.jpg,4,River
01135.jpg,0,AnnualCrop
01136.jpg,2,Highway
01137.jpg,2,Highway
01138.jpg,1,HerbaceousVegetation
01139.jpg,4,River
01140.jpg,4,River
01141.jpg,3,Residential
01142.jpg,0,AnnualCrop
01143.jpg,1,HerbaceousVegetation
01144.jpg,3,Residential
01145.jpg,4,River
01146.jpg,2,Highway
01147.jpg,4,River
01148.jpg,4,River
01149.jpg,4,River
01150.jpg,4,River
01151.jpg,4,River
01152.jpg,1,HerbaceousVegetation
01153.jpg,3,Residential
01154.jpg,4,River
01155.jpg,4,River
01156.jpg,4,River
01157.jpg,4,River
01158.jpg,3,Residential
01159.jpg,3,Residential
01160.jpg,3,Residential
01161.jpg,4,River
01162.jpg,4,River
01163.jpg,4,River
01164.jpg,1,HerbaceousVegetation
01165.jpg,2,Highway
01166.jpg,1,HerbaceousVegetation
01167.jpg,4,River
01168.jpg,4,River
01169.jpg,3,Residential
01170.jpg,3,Residential
01171.jpg,4,River
01172.jpg,4,River
01173.jpg,1,HerbaceousVegetation
01174.jpg,2,Highway
01175.jpg,1,HerbaceousVegetation
01176.jpg,4,River
01177.jpg,0,AnnualCrop
01178.jpg,2,Highway
01179.jpg,4,River
01180.jpg,1,HerbaceousVegetation
01181.jpg,4,River
01182.jpg,2,Highway
01183.jpg,1,HerbaceousVegetation
01184.jpg,1,HerbaceousVegetation
01185.jpg,1,HerbaceousVegetation
01186.jpg,1,HerbaceousVegetation
01187.jpg,4,River
01188.jpg,4,River
01189.jpg,0,AnnualCrop
01190.jpg,1,HerbaceousVegetation
01191.jpg,3,Residential
01192.jpg,2,Highway
01193.jpg,0,AnnualCrop
01194.jpg,1,HerbaceousVegetation
01195.jpg,1,HerbaceousVegetation
01196.jpg,4,River
01197.jpg,2,Highway
01198.jpg,0,AnnualCrop
01199.jpg,4,River
01200.jpg,4,River
01201.jpg,4,River
01202.jpg,1,HerbaceousVegetation
01203.jpg,3,Residential
01204.jpg,3,Residential
01205.jpg,4,River
01206.jpg,4,River
01207.jpg,3,Residential
01208.jpg,2,Highway
01209.jpg,1,HerbaceousVegetation
01210.jpg,3,Residential
01211.jpg,4,River
01212.jpg,2,Highway
01213.jpg,4,River
01214.jpg,3,Residential
01215.jpg,0,AnnualCrop
01216.jpg,0,AnnualCrop
01217.jpg,4,River
01218.jpg,4,River
01219.jpg,4,River
01220.jpg,0,AnnualCrop
01221.jpg,1,HerbaceousVegetation
01222.jpg,1,HerbaceousVegetation
01223.jpg,3,Residential
01224.jpg,4,River
01225.jpg,4,River
01226.jpg,4,River
01227.jpg,1,HerbaceousVegetation
01228.jpg,1,HerbaceousVegetation
01229.jpg,4,River
01230.jpg,3,Residential
01231.jpg,2,Highway
01232.jpg,4,River
01233.jpg,1,HerbaceousVegetation
01234.jpg,1,HerbaceousVegetation
01235.jpg,3,Residential
01236.jpg,4,River
01237.jpg,4,River
01238.jpg,4,River
01239.jpg,0,AnnualCrop
01240.jpg,0,AnnualCrop
01241.jpg,4,River
01242.jpg,1,HerbaceousVegetation
01243.jpg,3,Residential
01244.jpg,4,River
01245.jpg,0,AnnualCrop
01246.jpg,2,Highway
01247.jpg,0,AnnualCrop
01248.jpg,4,River
01249.jpg,3,Residential
01250.jpg,0,AnnualCrop
01251.jpg,1,HerbaceousVegetation
01252.jpg,1,HerbaceousVegetation
01253.jpg,4,River
01254.jpg,3,Residential
01255.jpg,3,Residential
01256.jpg,4,River
01257.jpg,1,HerbaceousVegetation
01258.jpg,1,HerbaceousVegetation
01259.jpg,4,River
01260.jpg,4,River
01261.jpg,1,HerbaceousVegetation
01262.jpg,1,HerbaceousVegetation
01263.jpg,0,AnnualCrop
01264.jpg,1,HerbaceousVegetation
01265.jpg,1,HerbaceousVegetation
01266.jpg,3,Residential
01267.jpg,2,Highway
01268.jpg,4,River
01269.jpg,4,River
01270.jpg,1,HerbaceousVegetation
01271.jpg,4,River
01272.jpg,2,Highway
01273.jpg,0,AnnualCrop
01274.jpg,2,Highway
01275.jpg,0,AnnualCrop
01276.jpg,4,River
01277.jpg,1,HerbaceousVegetation
01278.jpg,3,Residential
01279.jpg,3,Residential
01280.jpg,3,Residential
01281.jpg,1,HerbaceousVegetation
01282.jpg,3,Residential
01283.jpg,1,HerbaceousVegetation
01284.jpg,4,River
01285.jpg,4,River
01286.jpg,4,River
01287.jpg,1,HerbaceousVegetation
01288.jpg,1,HerbaceousVegetation
01289.jpg,4,River
01290.jpg,4,River
01291.jpg,1,HerbaceousVegetation
01292.jpg,1,HerbaceousVegetation
01293.jpg,4,River
01294.jpg,1,HerbaceousVegetation
01295.jpg,4,River
01296.jpg,4,River
01297.jpg,4,River
01298.jpg,2,Highway
01299.jpg,3,Residential
01300.jpg,2,Highway
01301.jpg,3,Residential
01302.jpg,4,River
01303.jpg,3,Residential
01304.jpg,3,Residential
01305.jpg,3,Residential
01306.jpg,3,Residential
01307.jpg,3,Residential
01308.jpg,1,HerbaceousVegetation
01309.jpg,4,River
01310.jpg,0,AnnualCrop
01311.jpg,1,HerbaceousVegetation
01312.jpg,4,River
01313.jpg,4,River
01314.jpg,3,Residential
01315.jpg,4,River
01316.jpg,3,Residential
01317.jpg,1,HerbaceousVegetation
01318.jpg,3,Residential
01319.jpg,2,Highway
01320.jpg,0,AnnualCrop
01321.jpg,1,HerbaceousVegetation
01322.jpg,1,HerbaceousVegetation
01323.jpg,4,River
01324.jpg,3,Residential
01325.jpg,1,HerbaceousVegetation
01326.jpg,1,HerbaceousVegetation
01327.jpg,4,River
01328.jpg,3,Residential
01329.jpg,0,AnnualCrop
01330.jpg,2,Highway
01331.jpg,2,Highway
01332.jpg,2,Highway
01333.jpg,4,River
01334.jpg,3,Residential
01335.jpg,4,River
01336.jpg,4,River
01337.jpg,4,River
01338.jpg,3,Residential
01339.jpg,4,River
01340.jpg,0,AnnualCrop
01341.jpg,1,HerbaceousVegetation
01342.jpg,0,AnnualCrop
01343.jpg,1,HerbaceousVegetation
01344.jpg,3,Residential
01345.jpg,2,Highway
01346.jpg,3,Residential
01347.jpg,4,River
01348.jpg,4,River
01349.jpg,1,HerbaceousVegetation
01350.jpg,4,River
01351.jpg,0,AnnualCrop
01352.jpg,2,Highway
01353.jpg,3,Residential
01354.jpg,2,Highway
01355.jpg,3,Residential
01356.jpg,4,River
01357.jpg,4,River
01358.jpg,2,Highway
01359.jpg,4,River
01360.jpg,4,River
01361.jpg,3,Residential
01362.jpg,0,AnnualCrop
01363.jpg,1,HerbaceousVegetation
01364.jpg,1,HerbaceousVegetation
01365.jpg,4,River
01366.jpg,4,River
01367.jpg,3,Residential
01368.jpg,0,AnnualCrop
01369.jpg,1,HerbaceousVegetation
01370.jpg,3,Residential
01371.jpg,1,HerbaceousVegetation
01372.jpg,3,Residential
01373.jpg,1,HerbaceousVegetation
01374.jpg,0,AnnualCrop
01375.jpg,0,AnnualCrop
01376.jpg,4,River
01377.jpg,2,Highway
01378.jpg,4,River
01379.jpg,0,AnnualCrop
01380.jpg,0,AnnualCrop
01381.jpg,0,AnnualCrop
01382.jpg,3,Residential
01383.jpg,0,AnnualCrop
01384.jpg,4,River
01385.jpg,4,River
01386.jpg,1,HerbaceousVegetation
01387.jpg,4,River
01388.jpg,4,River
01389.jpg,1,HerbaceousVegetation
01390.jpg,2,Highway
01391.jpg,0,AnnualCrop
01392.jpg,4,River
01393.jpg,4,River
01394.jpg,0,AnnualCrop
01395.jpg,1,HerbaceousVegetation
01396.jpg,1,HerbaceousVegetation
01397.jpg,3,Residential
01398.jpg,0,AnnualCrop
01399.jpg,0,AnnualCrop
01400.jpg,4,River
01401.jpg,1,HerbaceousVegetation
01402.jpg,0,AnnualCrop
01403.jpg,2,Highway
01404.jpg,3,Residential
01405.jpg,3,Residential
01406.jpg,1,HerbaceousVegetation
01407.jpg,4,River
01408.jpg,2,Highway
01409.jpg,4,River
01410.jpg,2,Highway
01411.jpg,3,Residential
01412.jpg,4,River
01413.jpg,4,River
01414.jpg,3,Residential
01415.jpg,0,AnnualCrop
01416.jpg,0,AnnualCrop
01417.jpg,3,Residential
01418.jpg,1,HerbaceousVegetation
01419.jpg,4,River
01420.jpg,0,AnnualCrop
01421.jpg,3,Residential
01422.jpg,1,HerbaceousVegetation
01423.jpg,0,AnnualCrop
01424.jpg,0,AnnualCrop
01425.jpg,0,AnnualCrop
01426.jpg,2,Highway
01427.jpg,4,River
01428.jpg,4,River
01429.jpg,3,Residential
01430.jpg,3,Residential
01431.jpg,2,Highway
01432.jpg,0,AnnualCrop
01433.jpg,2,Highway
01434.jpg,1,HerbaceousVegetation
01435.jpg,2,Highway
01436.jpg,1,HerbaceousVegetation
01437.jpg,2,Highway
01438.jpg,3,Residential
01439.jpg,1,HerbaceousVegetation
01440.jpg,0,AnnualCrop
01441.jpg,4,River
01442.jpg,3,Residential
01443.jpg,4,River
01444.jpg,4,River
01445.jpg,1,HerbaceousVegetation
01446.jpg,1,HerbaceousVegetation
01447.jpg,3,Residential
01448.jpg,4,River
01449.jpg,3,Residential
01450.jpg,4,River
01451.jpg,3,Residential
01452.jpg,1,HerbaceousVegetation
01453.jpg,4,River
01454.jpg,3,Residential
01455.jpg,4,River
01456.jpg,3,Residential
01457.jpg,0,AnnualCrop
01458.jpg,0,AnnualCrop
01459.jpg,0,AnnualCrop
01460.jpg,1,HerbaceousVegetation
01461.jpg,2,Highway
01462.jpg,4,River
01463.jpg,3,Residential
01464.jpg,4,River
01465.jpg,3,Residential
01466.jpg,4,River
01467.jpg,3,Residential
01468.jpg,4,River
01469.jpg,4,River
01470.jpg,1,HerbaceousVegetation
01471.jpg,2,Highway
01472.jpg,4,River
01473.jpg,2,Highway
01474.jpg,3,Residential
01475.jpg,3,Residential
01476.jpg,1,HerbaceousVegetation
01477.jpg,3,Residential
01478.jpg,1,HerbaceousVegetation
01479.jpg,4,River
01480.jpg,1,HerbaceousVegetation
01481.jpg,3,Residential
01482.jpg,4,River
01483.jpg,3,Residential
01484.jpg,3,Residential
01485.jpg,0,AnnualCrop
01486.jpg,3,Residential
01487.jpg,3,Residential
01488.jpg,4,River
01489.jpg,4,River
01490.jpg,2,Highway
01491.jpg,1,HerbaceousVegetation
01492.jpg,4,River
01493.jpg,3,Residential
01494.jpg,4,River
01495.jpg,4,River
01496.jpg,0,AnnualCrop
01497.jpg,1,HerbaceousVegetation
01498.jpg,0,AnnualCrop
01499.jpg,1,HerbaceousVegetation
01500.jpg,3,Residential
01501.jpg,4,River
01502.jpg,4,River
01503.jpg,1,HerbaceousVegetation
01504.jpg,1,HerbaceousVegetation
01505.jpg,2,Highway
01506.jpg,4,River
01507.jpg,4,River
01508.jpg,4,River
01509.jpg,4,River
01510.jpg,4,River
01511.jpg,3,Residential
01512.jpg,4,River
01513.jpg,4,River
01514.jpg,4,River
01515.jpg,3,Residential
01516.jpg,4,River
01517.jpg,2,Highway
01518.jpg,2,Highway
01519.jpg,2,Highway
01520.jpg,2,Highway
01521.jpg,4,River
01522.jpg,4,River
01523.jpg,0,AnnualCrop
01524.jpg,4,River
01525.jpg,4,River
01526.jpg,0,AnnualCrop
01527.jpg,3,Residential
01528.jpg,1,HerbaceousVegetation
01529.jpg,3,Residential
01530.jpg,2,Highway
01531.jpg,3,Residential
01532.jpg,2,Highway
01533.jpg,3,Residential
01534.jpg,4,River
01535.jpg,3,Residential
01536.jpg,0,AnnualCrop
01537.jpg,2,Highway
01538.jpg,3,Residential
01539.jpg,4,River
01540.jpg,4,River
01541.jpg,2,Highway
01542.jpg,1,HerbaceousVegetation
01543.jpg,4,River
01544.jpg,2,Highway
01545.jpg,4,River
01546.jpg,2,Highway
01547.jpg,0,AnnualCrop
01548.jpg,0,AnnualCrop
01549.jpg,1,HerbaceousVegetation
01550.jpg,4,River
01551.jpg,3,Residential
01552.jpg,2,Highway
01553.jpg,4,River
01554.jpg,2,Highway
01555.jpg,4,River
01556.jpg,0,AnnualCrop
01557.jpg,0,AnnualCrop
01558.jpg,1,HerbaceousVegetation
01559.jpg,4,River
01560.jpg,4,River
01561.jpg,4,River
01562.jpg,3,Residential
01563.jpg,0,AnnualCrop
01564.jpg,2,Highway
01565.jpg,3,Residential
01566.jpg,4,River
01567.jpg,2,Highway
01568.jpg,3,Residential
01569.jpg,1,HerbaceousVegetation
01570.jpg,0,AnnualCrop
01571.jpg,2,Highway
01572.jpg,3,Residential
01573.jpg,2,Highway
01574.jpg,0,AnnualCrop
01575.jpg,3,Residential
01576.jpg,2,Highway
01577.jpg,4,River
01578.jpg,0,AnnualCrop
01579.jpg,4,River
01580.jpg,0,AnnualCrop
01581.jpg,4,River
01582.jpg,4,River
01583.jpg,4,River
01584.jpg,4,River
01585.jpg,4,River
01586.jpg,4,River
01587.jpg,4,River
01588.jpg,0,AnnualCrop
01589.jpg,4,River
01590.jpg,3,Residential
01591.jpg,2,Highway
01592.jpg,1,HerbaceousVegetation
01593.jpg,3,Residential
01594.jpg,1,HerbaceousVegetation
01595.jpg,4,River
01596.jpg,2,Highway
01597.jpg,4,River
01598.jpg,3,Residential
01599.jpg,3,Residential
01600.jpg,1,HerbaceousVegetation
01601.jpg,2,Highway
01602.jpg,0,AnnualCrop
01603.jpg,4,River
01604.jpg,0,AnnualCrop
01605.jpg,3,Residential
01606.jpg,3,Residential
01607.jpg,1,HerbaceousVegetation
01608.jpg,3,Residential
01609.jpg,1,HerbaceousVegetation
01610.jpg,1,HerbaceousVegetation
01611.jpg,4,River
01612.jpg,2,Highway
01613.jpg,4,River
01614.jpg,4,River
01615.jpg,3,Residential
01616.jpg,3,Residential
01617.jpg,1,HerbaceousVegetation
01618.jpg,4,River
01619.jpg,3,Residential
01620.jpg,4,River
01621.jpg,1,HerbaceousVegetation
01622.jpg,0,AnnualCrop
01623.jpg,4,River
01624.jpg,4,River
01625.jpg,3,Residential
01626.jpg,3,Residential
01627.jpg,2,Highway
01628.jpg,2,Highway
01629.jpg,2,Highway
01630.jpg,4,River
01631.jpg,4,River
01632.jpg,2,Highway
01633.jpg,4,River
01634.jpg,2,Highway
01635.jpg,3,Residential
01636.jpg,1,HerbaceousVegetation
01637.jpg,0,AnnualCrop
01638.jpg,3,Residential
01639.jpg,1,HerbaceousVegetation
01640.jpg,1,HerbaceousVegetation
01641.jpg,2,Highway
01642.jpg,4,River
01643.jpg,4,River
01644.jpg,1,HerbaceousVegetation
01645.jpg,1,HerbaceousVegetation
01646.jpg,2,Highway
01647.jpg,2,Highway
01648.jpg,3,Residential
01649.jpg,4,River
01650.jpg,4,River
01651.jpg,4,River
01652.jpg,4,River
01653.jpg,4,River
01654.jpg,4,River
01655.jpg,1,HerbaceousVegetation
01656.jpg,4,River
01657.jpg,3,Residential
01658.jpg,4,River
01659.jpg,2,Highway
01660.jpg,3,Residential
01661.jpg,2,Highway
01662.jpg,2,Highway
01663.jpg,4,River
01664.jpg,1,HerbaceousVegetation
01665.jpg,0,AnnualCrop
01666.jpg,4,River
01667.jpg,1,HerbaceousVegetation
01668.jpg,3,Residential
01669.jpg,4,River
01670.jpg,1,HerbaceousVegetation
01671.jpg,1,HerbaceousVegetation
01672.jpg,0,AnnualCrop
01673.jpg,4,River
01674.jpg,1,HerbaceousVegetation
01675.jpg,4,River
01676.jpg,1,HerbaceousVegetation
01677.jpg,4,River
01678.jpg,4,River
01679.jpg,1,HerbaceousVegetation
01680.jpg,2,Highway
01681.jpg,4,River
01682.jpg,2,Highway
01683.jpg,3,Residential
01684.jpg,4,River
01685.jpg,4,River
01686.jpg,0,AnnualCrop
01687.jpg,3,Residential
01688.jpg,3,Residential
01689.jpg,4,River
01690.jpg,4,River
01691.jpg,4,River
01692.jpg,1,HerbaceousVegetation
01693.jpg,3,Residential
01694.jpg,2,Highway
01695.jpg,4,River
01696.jpg,0,AnnualCrop
01697.jpg,0,AnnualCrop
01698.jpg,2,Highway
01699.jpg,3,Residential
01700.jpg,1,HerbaceousVegetation
01701.jpg,1,HerbaceousVegetation
01702.jpg,3,Residential
01703.jpg,4,River
01704.jpg,1,HerbaceousVegetation
01705.jpg,3,Residential
01706.jpg,0,AnnualCrop
01707.jpg,3,Residential
01708.jpg,4,River
01709.jpg,4,River
01710.jpg,0,AnnualCrop
01711.jpg,4,River
01712.jpg,0,AnnualCrop
01713.jpg,2,Highway
01714.jpg,4,River
01715.jpg,1,HerbaceousVegetation
01716.jpg,3,Residential
01717.jpg,0,AnnualCrop
01718.jpg,4,River
01719.jpg,4,River
01720.jpg,0,AnnualCrop
01721.jpg,3,Residential
01722.jpg,4,River
01723.jpg,4,River
01724.jpg,4,River
01725.jpg,4,River
01726.jpg,2,Highway
01727.jpg,0,AnnualCrop
01728.jpg,2,Highway
01729.jpg,3,Residential
01730.jpg,4,River
01731.jpg,3,Residential
01732.jpg,3,Residential
01733.jpg,0,AnnualCrop
01734.jpg,2,Highway
01735.jpg,1,HerbaceousVegetation
01736.jpg,3,Residential
01737.jpg,0,AnnualCrop
01738.jpg,4,River
01739.jpg,1,HerbaceousVegetation
01740.jpg,1,HerbaceousVegetation
01741.jpg,0,AnnualCrop
01742.jpg,0,AnnualCrop
01743.jpg,3,Residential
01744.jpg,4,River
01745.jpg,3,Residential
01746.jpg,4,River
01747.jpg,4,River
01748.jpg,4,River
01749.jpg,1,HerbaceousVegetation
01750.jpg,1,HerbaceousVegetation
01751.jpg,3,Residential
01752.jpg,1,HerbaceousVegetation
01753.jpg,2,Highway
01754.jpg,4,River
01755.jpg,3,Residential
01756.jpg,1,HerbaceousVegetation
01757.jpg,3,Residential
01758.jpg,3,Residential
01759.jpg,2,Highway
01760.jpg,0,AnnualCrop
01761.jpg,2,Highway
01762.jpg,1,HerbaceousVegetation
01763.jpg,1,HerbaceousVegetation
01764.jpg,0,AnnualCrop
01765.jpg,3,Residential
01766.jpg,1,HerbaceousVegetation
01767.jpg,1,HerbaceousVegetation
01768.jpg,3,Residential
01769.jpg,0,AnnualCrop
01770.jpg,0,AnnualCrop
01771.jpg,0,AnnualCrop
01772.jpg,4,River
01773.jpg,0,AnnualCrop
01774.jpg,4,River
01775.jpg,4,River
01776.jpg,2,Highway
01777.jpg,1,HerbaceousVegetation
01778.jpg,4,River
01779.jpg,0,AnnualCrop
01780.jpg,0,AnnualCrop
01781.jpg,4,River
01782.jpg,4,River
01783.jpg,4,River
01784.jpg,3,Residential
01785.jpg,3,Residential
01786.jpg,4,River
01787.jpg,3,Residential
01788.jpg,1,HerbaceousVegetation
01789.jpg,4,River
01790.jpg,1,HerbaceousVegetation
01791.jpg,2,Highway
01792.jpg,4,River
01793.jpg,3,Residential
01794.jpg,3,Residential
01795.jpg,2,Highway
01796.jpg,0,AnnualCrop
01797.jpg,4,River
01798.jpg,4,River
01799.jpg,3,Residential
01800.jpg,1,HerbaceousVegetation
01801.jpg,0,AnnualCrop
01802.jpg,2,Highway
01803.jpg,4,River
01804.jpg,3,Residential
01805.jpg,2,Highway
01806.jpg,4,River
01807.jpg,4,River
01808.jpg,4,River
01809.jpg,4,River
01810.jpg,3,Residential
01811.jpg,2,Highway
01812.jpg,1,HerbaceousVegetation
01813.jpg,1,HerbaceousVegetation
01814.jpg,4,River
01815.jpg,3,Residential
01816.jpg,4,River
01817.jpg,0,AnnualCrop
01818.jpg,0,AnnualCrop
01819.jpg,4,River
01820.jpg,4,River
01821.jpg,4,River
01822.jpg,4,River
01823.jpg,4,River
01824.jpg,1,HerbaceousVegetation
01825.jpg,3,Residential
01826.jpg,3,Residential
01827.jpg,3,Residential
01828.jpg,0,AnnualCrop
01829.jpg,2,Highway
01830.jpg,4,River
01831.jpg,0,AnnualCrop
01832.jpg,4,River
01833.jpg,4,River
01834.jpg,0,AnnualCrop
01835.jpg,1,HerbaceousVegetation
01836.jpg,3,Residential
01837.jpg,3,Residential
01838.jpg,4,River
01839.jpg,0,AnnualCrop
01840.jpg,0,AnnualCrop
01841.jpg,4,River
01842.jpg,3,Residential
01843.jpg,3,Residential
01844.jpg,4,River
01845.jpg,4,River
01846.jpg,1,HerbaceousVegetation
01847.jpg,4,River
01848.jpg,3,Residential
01849.jpg,1,HerbaceousVegetation
01850.jpg,1,HerbaceousVegetation
01851.jpg,2,Highway
01852.jpg,1,HerbaceousVegetation
01853.jpg,4,River
01854.jpg,4,River
01855.jpg,1,HerbaceousVegetation
01856.jpg,0,AnnualCrop
01857.jpg,2,Highway
01858.jpg,4,River
01859.jpg,3,Residential
01860.jpg,4,River
01861.jpg,3,Residential
01862.jpg,1,HerbaceousVegetation
01863.jpg,2,Highway
01864.jpg,1,HerbaceousVegetation
01865.jpg,4,River
01866.jpg,3,Residential
01867.jpg,3,Residential
01868.jpg,1,HerbaceousVegetation
01869.jpg,4,River
01870.jpg,4,River
01871.jpg,0,AnnualCrop
01872.jpg,4,River
01873.jpg,3,Residential
01874.jpg,3,Residential
01875.jpg,1,HerbaceousVegetation
01876.jpg,3,Residential
01877.jpg,4,River
01878.jpg,1,HerbaceousVegetation
01879.jpg,3,Residential
01880.jpg,1,HerbaceousVegetation
01881.jpg,4,River
01882.jpg,4,River
01883.jpg,3,Residential
01884.jpg,3,Residential
01885.jpg,3,Residential
01886.jpg,0,AnnualCrop
01887.jpg,3,Residential
01888.jpg,4,River
01889.jpg,0,AnnualCrop
01890.jpg,3,Residential
01891.jpg,1,HerbaceousVegetation
01892.jpg,4,River
01893.jpg,3,Residential
01894.jpg,4,River
01895.jpg,0,AnnualCrop
01896.jpg,1,HerbaceousVegetation
01897.jpg,3,Residential
01898.jpg,4,River
01899.jpg,2,Highway
01900.jpg,1,HerbaceousVegetation
01901.jpg,4,River
01902.jpg,1,HerbaceousVegetation
01903.jpg,0,AnnualCrop
01904.jpg,1,HerbaceousVegetation
01905.jpg,3,Residential
01906.jpg,0,AnnualCrop
01907.jpg,0,AnnualCrop
01908.jpg,1,HerbaceousVegetation
01909.jpg,1,HerbaceousVegetation
01910.jpg,4,River
01911.jpg,4,River
01912.jpg,3,Residential
01913.jpg,3,Residential
01914.jpg,4,River
01915.jpg,3,Residential
01916.jpg,1,HerbaceousVegetation
01917.jpg,2,Highway
01918.jpg,3,Residential
01919.jpg,3,Residential
01920.jpg,4,River
01921.jpg,4,River
01922.jpg,0,AnnualCrop
01923.jpg,1,HerbaceousVegetation
01924.jpg,1,HerbaceousVegetation
01925.jpg,0,AnnualCrop
01926.jpg,3,Residential
01927.jpg,2,Highway
01928.jpg,0,AnnualCrop
01929.jpg,4,River
01930.jpg,3,Residential
01931.jpg,4,River
01932.jpg,3,Residential
01933.jpg,2,Highway
01934.jpg,0,AnnualCrop
01935.jpg,1,HerbaceousVegetation
01936.jpg,3,Residential
01937.jpg,4,River
01938.jpg,2,Highway
01939.jpg,1,HerbaceousVegetation
01940.jpg,1,HerbaceousVegetation
01941.jpg,1,HerbaceousVegetation
01942.jpg,4,River
01943.jpg,2,Highway
01944.jpg,4,River
01945.jpg,0,AnnualCrop
01946.jpg,0,AnnualCrop
01947.jpg,4,River
01948.jpg,4,River
01949.jpg,0,AnnualCrop
01950.jpg,4,River
01951.jpg,0,AnnualCrop
01952.jpg,4,River
01953.jpg,3,Residential
01954.jpg,1,HerbaceousVegetation
01955.jpg,2,Highway
01956.jpg,4,River
01957.jpg,1,HerbaceousVegetation
01958.jpg,1,HerbaceousVegetation
01959.jpg,1,HerbaceousVegetation
01960.jpg,3,Residential
01961.jpg,4,River
01962.jpg,3,Residential
01963.jpg,2,Highway
01964.jpg,2,Highway
01965.jpg,3,Residential
01966.jpg,0,AnnualCrop
01967.jpg,1,HerbaceousVegetation
01968.jpg,1,HerbaceousVegetation
01969.jpg,1,HerbaceousVegetation
01970.jpg,4,River
01971.jpg,3,Residential
01972.jpg,3,Residential
01973.jpg,4,River
01974.jpg,4,River
01975.jpg,3,Residential
01976.jpg,4,River
01977.jpg,3,Residential
01978.jpg,4,River
01979.jpg,4,River
01980.jpg,0,AnnualCrop
01981.jpg,1,HerbaceousVegetation
01982.jpg,1,HerbaceousVegetation
01983.jpg,1,HerbaceousVegetation
01984.jpg,4,River
01985.jpg,4,River
01986.jpg,3,Residential
01987.jpg,1,HerbaceousVegetation
01988.jpg,1,HerbaceousVegetation
01989.jpg,1,HerbaceousVegetation
01990.jpg,1,HerbaceousVegetation
01991.jpg,1,HerbaceousVegetation
01992.jpg,1,HerbaceousVegetation
01993.jpg,4,River
01994.jpg,2,Highway
01995.jpg,3,Residential
01996.jpg,3,Residential
01997.jpg,3,Residential
01998.jpg,4,River
01999.jpg,3,Residential
